,f,Denominazione,Cat.,Tipologia,Regione,Provincia,prov_istat,reg_istat
0,224,Pistacchio di Raffadali,D.O.P.,Ortofrutticoli e cereali,['Sicilia'],['Agrigento'],['084'],['19']
1,308,Uva da tavola di Canicattì,I.G.P.,Ortofrutticoli e cereali,['Sicilia'],"['Agrigento', 'Caltanissetta']","['084', '085']",['19']
2,209,Pecorino Siciliano,D.O.P.,Formaggi,['Sicilia'],"['Agrigento', 'Caltanissetta', 'Catania', 'Enna', 'Messina', 'Palermo', 'Ragusa', 'Siracusa', 'Trapani']","['084', '085', '287', '086', '283', '282', '088', '089', '081']",['19']
3,283,Sicilia,I.G.P.,Oli e grassi,['Sicilia'],"['Agrigento', 'Caltanissetta', 'Catania', 'Enna', 'Messina', 'Palermo', 'Ragusa', 'Siracusa', 'Trapani']","['084', '085', '287', '086', '283', '282', '088', '089', '081']",['19']
4,15,Arancia di Ribera,D.O.P.,Ortofrutticoli e cereali,['Sicilia'],"['Agrigento', 'Palermo']","['084', '282']",['19']
5,216,Pescabivona,I.G.P.,Ortofrutticoli e cereali,['Sicilia'],"['Agrigento', 'Palermo']","['084', '282']",['19']
6,319,Vastedda della valle del Belice,D.O.P.,Formaggi,['Sicilia'],"['Agrigento', 'Trapani', 'Palermo']","['084', '081', '282']",['19']
7,271,Salame Piemonte,I.G.P.,Prodotti a base di carne,['Piemonte'],"['Alessandria', 'Asti', 'Biella', 'Cuneo', 'Novara', 'Torino', 'Verbano-Cusio-Ossola', 'Vercelli']","['006', '005', '096', '004', '003', '201', '103', '002']",['01']
8,324,Vitelloni Piemontesi della coscia,I.G.P.,Carni fresche (e frattaglie),"['Piemonte', 'Liguria']","['Alessandria', 'Asti', 'Biella', 'Cuneo', 'Torino', 'Novara', 'Vercelli', 'Savona', 'Imperia']","['006', '005', '096', '004', '201', '003', '002', '009', '008']","['01', '07']"
9,170,Nocciola del Piemonte o Nocciola Piemonte,I.G.P.,Ortofrutticoli e cereali,['Piemonte'],"['Alessandria', 'Asti', 'Cuneo', 'Novara', 'Torino', 'Vercelli']","['006', '005', '004', '003', '201', '002']",['01']
10,116,Grana Padano,D.O.P.,Formaggi,"['Emilia-Romagna', 'Lombardia', 'Piemonte', 'Trentino-Alto Adige', 'Veneto']","['Alessandria', 'Asti', 'Cuneo', 'Novara', 'Torino', 'Vercelli', 'Bergamo', 'Brescia', 'Como', 'Cremona', 'Mantova', 'Milano', 'Pavia', 'Sondrio', 'Varese', 'Padova', 'Trento', 'Rovigo', 'Treviso', 'Venezia', 'Verona', 'Vicenza', 'Bologna', 'Ferrara', ""Forli'-Cesena"", 'Piacenza', 'Ravenna']","['006', '005', '004', '003', '201', '002', '016', '017', '013', '019', '020', '215', '018', '014', '012', '028', '022', '029', '026', '227', '023', '024', '237', '038', '040', '033', '039']","['08', '03', '01', '04', '05']"
11,115,Gorgonzola,D.O.P.,Formaggi,"['Piemonte', 'Lombardia']","['Alessandria', 'Bergamo', 'Brescia', 'Como', 'Cremona', 'Cuneo', 'Milano', 'Novara', 'Pavia', 'Vercelli']","['006', '016', '017', '013', '019', '004', '215', '003', '018', '002']","['01', '03']"
12,138,Marche,I.G.P.,Oli e grassi,['Marche'],"['Ancona', 'Ascoli Piceno', 'Fermo', 'Macerata', 'Pesaro e Urbino']","['042', '044', '109', '043', '041']",['11']
13,62,Ciauscolo,I.G.P.,Prodotti a base di carne,['Marche'],"['Ancona', 'Macerata', 'Ascoli Piceno']","['042', '043', '044']",['11']
14,109,Fontina,D.O.P.,Formaggi,"[""Valle d'Aosta""]",['Aosta'],['007'],['02']
15,313,Valle d' Aosta Fromadzo,D.O.P.,Formaggi,"[""Valle d'Aosta""]",['Aosta'],['007'],['02']
16,314,Valle d' Aosta Jambon de Bosses,D.O.P.,Prodotti a base di carne,"[""Valle d'Aosta""]",['Aosta'],['007'],['02']
17,315,"Valle d' Aosta Lard d' Arnad/Vallée d'Aoste Lard
d'Arnad",D.O.P.,Prodotti a base di carne,"[""Valle d'Aosta""]",['Aosta'],['007'],['02']
18,141,Marrone di Caprese Michelangelo,D.O.P.,Ortofrutticoli e cereali,['Toscana'],['Arezzo'],['051'],['09']
19,69,Cinta Senese,D.O.P.,Carni fresche (e frattaglie),['Toscana'],"['Arezzo', 'Firenze', 'Grosseto', 'Livorno', 'Lucca', 'Massa Carrara', 'Pisa', 'Pistoia', 'Prato', 'Siena']","['051', '248', '053', '049', '046', '045', '050', '047', '100', '052']",['09']
20,105,Finocchiona,I.G.P.,Prodotti a base di carne,['Toscana'],"['Arezzo', 'Firenze', 'Grosseto', 'Livorno', 'Lucca', 'Massa Carrara', 'Pisa', 'Pistoia', 'Prato', 'Siena']","['051', '248', '053', '049', '046', '045', '050', '047', '100', '052']",['09']
21,241,Prosciutto Toscano,D.O.P.,Prodotti a base di carne,['Toscana'],"['Arezzo', 'Firenze', 'Grosseto', 'Siena', 'Livorno', 'Lucca', 'Massa Carrara', 'Pistoia', 'Pisa']","['051', '248', '053', '052', '049', '046', '045', '047', '050']",['09']
22,210,Pecorino Toscano,D.O.P.,Formaggi,"['Toscana', 'Umbria', 'Lazio']","['Arezzo', 'Firenze', 'Grosseto', 'Siena', 'Livorno', 'Lucca', 'Massa Carrara', 'Pistoia', 'Pisa', 'Viterbo', 'Terni']","['051', '248', '053', '052', '049', '046', '045', '047', '050', '056', '055']","['09', '10', '12']"
23,179,Oliva Ascolana del Piceno,D.O.P.,Ortofrutticoli e cereali,"['Marche', 'Abruzzo']","['Ascoli Piceno', 'Teramo']","['044', '067']","['11', '13']"
24,261,Robiola di Roccaverano,D.O.P.,Formaggi,['Piemonte'],"['Asti', 'Alessandria']","['005', '006']",['01']
25,55,Castagna di Montella,I.G.P.,Ortofrutticoli e cereali,['Campania'],['Avellino'],['064'],['15']
26,118,Irpinia - Colline dell'Ufita,D.O.P.,Oli e grassi,['Campania'],['Avellino'],['064'],['15']
27,152,Melannurca Campana,I.G.P.,Ortofrutticoli e cereali,['Campania'],"['Avellino', 'Benevento', 'Caserta', 'Napoli', 'Salerno']","['064', '062', '061', '263', '065']",['15']
28,146,Marrone di Serino/Castagna di Serino,I.G.P.,Ortofrutticoli e cereali,['Campania'],"['Avellino', 'Salerno']","['064', '065']",['15']
29,297,Terra di Bari,D.O.P.,Oli e grassi,['Puglia'],['Bari'],['272'],['16']
30,190,Pane di Altamura,D.O.P.,"Prodotti di panetteria, pasticceria",['Puglia'],"['Bari', 'Barletta-Andria-Trani']","['272', '110']",['16']
31,177,Olio di Puglia,I.G.P.,Oli e grassi,['Puglia'],"['Bari', 'Barletta-Andria-Trani', 'Brindisi', 'Foggia', 'Lecce', 'Taranto']","['272', '110', '074', '071', '075', '073']",['16']
32,32,Burrata di Andria,I.G.P.,Formaggi,['Puglia'],"['Bari', 'Barletta-Andria-Trani', 'Brindisi', 'Foggia', 'Taranto', 'Lecce']","['272', '110', '074', '071', '073', '075']",['16']
33,310,Uva di Puglia,I.G.P.,Ortofrutticoli e cereali,['Puglia'],"['Bari', 'Barletta-Andria-Trani', 'Brindisi', 'Foggia', 'Taranto', 'Lecce']","['272', '110', '074', '071', '073', '075']",['16']
34,124,Lenticchia di Altamura,I.G.P.,Ortofrutticoli e cereali,"['Puglia', 'Basilicata']","['Bari', 'Barletta-Andria-Trani', 'Matera', 'Potenza']","['272', '110', '077', '076']","['16', '17']"
35,168,Mozzarella di Gioia del Colle,D.O.P.,Formaggi,"['Puglia ', 'Basilicata']","['Bari', 'Taranto', 'Matera']","['272', '073', '077']",['17']
36,71,Cipolla bianca di Margherita,I.G.P.,Ortofrutticoli e cereali,['Puglia'],"['Barletta-Andria-Trani', 'Foggia']","['110', '071']",['16']
37,94,Fagiolo di Lamon della Vallata Bellunese,I.G.P.,Ortofrutticoli e cereali,['Veneto'],['Belluno'],['025'],['05']
38,157,Miele delle Dolomiti Bellunesi,D.O.P.,Altri prodotti di origine animale,['Veneto'],['Belluno'],['025'],['05']
39,223,Piave,D.O.P.,Formaggi,['Veneto'],['Belluno'],['025'],['05']
40,167,Mozzarella di Bufala Campana,D.O.P.,Formaggi,"['Campania', 'Lazio', 'Molise', 'Puglia']","['Benevento', 'Caserta', 'Napoli', 'Salerno', 'Frosinone', 'Latina', 'Roma', 'Foggia', 'Isernia']","['062', '061', '263', '065', '060', '059', '258', '071', '094']","['15', '12', '14', '16']"
41,255,Ricotta di Bufala Camapna,D.O.P.,Altri prodotti di origine animale,"['Campania', 'Lazio', 'Molise', 'Puglia']","['Benevento', 'Caserta', 'Napoli', 'Salerno', 'Frosinone', 'Latina', 'Roma', 'Foggia', 'Isernia']","['062', '061', '263', '065', '060', '059', '258', '071', '094']","['15', '12', '14', '16']"
42,112,Formai de Mut dell'Alta Valle Brembana,D.O.P.,Formaggi,['Lombardia'],['Bergamo'],['016'],['03']
43,291,Strachitunt,D.O.P.,Formaggi,['Lombardia'],['Bergamo'],['016'],['03']
44,266,Salame Cremona,I.G.P.,Prodotti a base di carne,"['Lombardia', 'Emilia-Romagna', 'Piemonte', 'Veneto']","['Bergamo', 'Brescia', 'Como', 'Cremona', 'Lecco', 'Lodi', 'Mantova', 'Milano', 'Monza e della Brianza', 'Pavia', 'Sondrio', 'Varese', 'Bologna', 'Ferrara', ""Forli'-Cesena"", 'Modena', 'Parma', 'Piacenza', 'Ravenna', ""Reggio nell'Emilia"", 'Rimini', 'Alessandria', 'Asti', 'Biella', 'Cuneo', 'Novara', 'Torino', 'Verbano-Cusio-Ossola', 'Vercelli', 'Belluno', 'Padova', 'Rovigo', 'Treviso', 'Venezia', 'Verona', 'Vicenza']","['016', '017', '013', '019', '097', '098', '020', '215', '108', '018', '014', '012', '237', '038', '040', '036', '034', '033', '039', '035', '099', '006', '005', '096', '004', '003', '201', '103', '002', '025', '028', '029', '026', '227', '023', '024']","['03', '08', '01', '05']"
45,294,Taleggio,D.O.P.,Formaggi,"['Lombardia', 'Veneto', 'Piemonte']","['Bergamo', 'Brescia', 'Como', 'Cremona', 'Milano', 'Pavia', 'Treviso', 'Novara']","['016', '017', '013', '019', '215', '018', '026', '003']","['03', '05', '01']"
46,277,Salva Cremasco,D.O.P.,Formaggi,['Lombardia'],"['Bergamo', 'Brescia', 'Cremona', 'Lecco', 'Lodi', 'Milano']","['016', '017', '019', '097', '098', '215']",['03']
47,258,Riso di Baraggia Biellese e Vercellese,D.O.P.,Ortofrutticoli e cereali,['Piemonte'],"['Biella', 'Vercelli']","['096', '002']",['01']
48,142,Marrone di Castel del Rio,I.G.P.,Ortofrutticoli e cereali,['Emilia-Romagna'],['Bologna'],['237'],['08']
49,199,Patata di Bologna,D.O.P.,Ortofrutticoli e cereali,['Emilia-Romagna'],['Bologna'],['237'],['08']
50,22,Asparago verde di Altedo,I.G.P.,Ortofrutticoli e cereali,['Emilia-Romagna'],"['Bologna', 'Ferrara']","['237', '038']",['08']
51,164,Mortadella Bologna,I.G.P.,Prodotti a base di carne,"['Emilia-Romagna', 'Piemonte', 'Lombardia', 'Veneto', 'Marche', 'Lazio', 'Trentino-Alto Adige', 'Toscana']","['Bologna', 'Modena', 'Parma', 'Piacenza', 'Ravenna', ""Reggio nell'Emilia"", 'Alessandria', 'Asti', 'Cuneo', 'Novara', 'Torino', 'Vercelli', 'Bergamo', 'Brescia', 'Como', 'Cremona', 'Mantova', 'Milano', 'Pavia', 'Sondrio', 'Varese', 'Belluno', 'Padova', 'Rovigo', 'Treviso', 'Venezia', 'Verona', 'Vicenza', 'Ancona', 'Ascoli Piceno', 'Macerata', 'Pesaro e Urbino', 'Roma', 'Frosinone', 'Viterbo', 'Latina', 'Rieti', 'Trento', 'Arezzo', 'Firenze', 'Grosseto', 'Livorno', 'Lucca', 'Massa Carrara', 'Pisa', 'Pistoia', 'Siena', 'Ferrara', ""Forli'-Cesena""]","['237', '036', '034', '033', '039', '035', '006', '005', '004', '003', '201', '002', '016', '017', '013', '019', '020', '215', '018', '014', '012', '025', '028', '029', '026', '227', '023', '024', '042', '044', '043', '041', '258', '060', '056', '059', '057', '022', '051', '248', '053', '049', '046', '045', '050', '047', '052', '038', '040']","['08', '01', '03', '05', '11', '12', '04', '09']"
52,323,Vitellone bianco dell'Appennino Centrale,I.G.P.,Carni fresche (e frattaglie),"['Emilia-Romagna', 'Toscana', 'Marche', 'Abruzzo', 'Molise', 'Campania', 'Lazio', 'Umbria']","['Bologna', 'Ravenna', ""Forli'-Cesena"", 'Rimini', 'Pesaro e Urbino', 'Ancona', 'Macerata', 'Ascoli Piceno', 'Teramo', 'Pescara', 'Chieti', ""L'Aquila"", 'Campobasso', 'Isernia', 'Benevento', 'Avellino', 'Frosinone', 'Rieti', 'Viterbo', 'Terni', 'Perugia', 'Grosseto', 'Siena', 'Arezzo', 'Firenze', 'Livorno', 'Pisa']","['237', '039', '040', '099', '041', '042', '043', '044', '067', '068', '069', '066', '070', '094', '062', '064', '060', '057', '056', '055', '054', '053', '052', '051', '248', '049', '050']","['08', '09', '11', '13', '14', '15', '12', '10']"
53,148,Mela Alto Adige o Sudtiroler Apfel,I.G.P.,Ortofrutticoli e cereali,['Trentino-Alto Adige'],['Bolzano'],['021'],['04']
54,287,Speck Alto Adige/Südtiroler Markenspeck/ Südtiroler Speck,I.G.P.,Prodotti a base di carne,['Trentino-Alto Adige'],['Bolzano'],['021'],['04']
55,290,Stelvio o Stilfser,D.O.P.,Formaggi,['Trentino-Alto Adige'],['Bolzano'],['021'],['04']
56,292,Südtiroler Schüttelbrot / Schüttelbrot Alto Adige,I.G.P.,"Prodotti di panetteria, pasticceria",['Trentino-Alto Adige'],['Bolzano'],['021'],['04']
57,174,Nostrano Valtrompia,D.O.P.,Formaggi,['Lombardia'],['Brescia'],['017'],['03']
58,284,Silter,D.O.P.,Formaggi,['Lombardia'],['Brescia'],['017'],['03']
59,247,Quartirolo Lombardo,D.O.P.,Formaggi,['Lombardia'],"['Brescia', 'Bergamo', 'Como', 'Cremona', 'Milano', 'Pavia', 'Varese']","['017', '016', '013', '019', '215', '018', '012']",['03']
60,265,Salame Brianza,D.O.P.,Prodotti a base di carne,['Lombardia'],"['Brescia', 'Bergamo', 'Como', 'Cremona', 'Milano', 'Pavia', 'Varese']","['017', '016', '013', '019', '215', '018', '012']",['03']
61,121,Laghi Lombardi,D.O.P.,Oli e grassi,['Lombardia'],"['Brescia', 'Bergamo', 'Como', 'Lecco']","['017', '016', '013', '097']",['03']
62,114,Garda,D.O.P.,Oli e grassi,"['Lombardia', 'Veneto', 'Trentino-Alto Adige']","['Brescia', 'Verona', 'Mantova', 'Trento']","['017', '023', '020', '022']","['03', '05', '04']"
63,43,Carciofo Brindisino,I.G.P.,Ortofrutticoli e cereali,['Puglia'],['Brindisi'],['074'],['16']
64,77,Collina di Brindisi,D.O.P.,Oli e grassi,['Puglia'],['Brindisi'],['074'],['16']
65,208,Pecorino Sardo,D.O.P.,Formaggi,['Sardegna'],"['Cagliari', 'Nuoro', 'Oristano', 'Sassari', 'Sud Sardegna']","['292', '091', '095', '090', '111']",['20']
66,8,Agnello di Sardegna,I.G.P.,Carni fresche (e frattaglie),['Sardegna'],"['Cagliari', 'Nuoro', 'Oristano', 'Sassari', 'Sud Sardegna', 'Sassari']","['292', '091', '095', '090', '111', '090']",['20']
67,107,Fiore Sardo,D.O.P.,Formaggi,['Sardegna'],"['Cagliari', 'Nuoro', 'Oristano', 'Sassari', 'Sud Sardegna', 'Sassari']","['292', '091', '095', '090', '111', '090']",['20']
68,278,Sardegna,D.O.P.,Oli e grassi,['Sardegna'],"['Cagliari', 'Nuoro', 'Oristano', 'Sassari', 'Sud Sardegna', 'Sassari']","['292', '091', '095', '090', '111', '090']",['20']
69,46,Carciofo Spinoso di Sardegna,D.O.P.,Ortofrutticoli e cereali,['Sardegna'],"['Cagliari', 'Sud Sardegna', 'Oristano', 'Nuoro', 'Sassari']","['292', '111', '095', '091', '090']",['20']
70,219,Pesca di Delia,I.G.P.,Ortofrutticoli e cereali,['Sicilia'],"['Caltanissetta', 'Agrigento']","['085', '084']",['19']
71,159,Molise,D.O.P.,Oli e grassi,['Molise'],"['Campobasso', 'Isernia']","['070', '094']",['14']
72,298,Terre Aurunche,D.O.P.,Oli e grassi,['Campania'],['Caserta'],['061'],['15']
73,66,Ciliegia dell'Etna,D.O.P.,Ortofrutticoli e cereali,['Sicilia'],['Catania'],['287'],['19']
74,103,Ficodindia dell'Etna,D.O.P.,Ortofrutticoli e cereali,['Sicilia'],['Catania'],['287'],['19']
75,128,Limone dell'Etna,I.G.P.,Ortofrutticoli e cereali,['Sicilia'],['Catania'],['287'],['19']
76,225,Pistacchio Verde di Bronte,D.O.P.,Ortofrutticoli e cereali,['Sicilia'],['Catania'],['287'],['19']
77,104,Ficodindia di San Cono,D.O.P.,Ortofrutticoli e cereali,['Sicilia'],"['Catania', 'Enna', 'Caltanissetta']","['287', '086', '085']",['19']
78,161,Monte Etna,D.O.P.,Oli e grassi,['Sicilia'],"['Catania', 'Enna', 'Messina']","['287', '086', '283']",['19']
79,243,Provola dei Nebrodi,D.O.P.,Formaggi,['Sicilia'],"['Catania', 'Enna', 'Messina']","['287', '086', '283']",['19']
80,309,Uva da tavola di Mazzarrone,I.G.P.,Ortofrutticoli e cereali,['Sicilia'],"['Catania', 'Ragusa']","['287', '088']",['19']
81,16,Arancia Rossa di Sicilia,I.G.P.,Ortofrutticoli e cereali,['Sicilia'],"['Catania', 'Siracusa', 'Enna']","['287', '089', '086']",['19']
82,122,Lametia,D.O.P.,Oli e grassi,['Calabria'],['Catanzaro'],['079'],['18']
83,33,Caciocavallo Silano,D.O.P.,Formaggi,"['Calabria', 'Campania', 'Molise', 'Puglia', 'Basilicata']","['Catanzaro', 'Cosenza', 'Avellino', 'Benevento', 'Caserta', 'Napoli', 'Salerno', 'Isernia', 'Campobasso', 'Foggia', 'Bari', 'Taranto', 'Brindisi', 'Matera', 'Potenza']","['079', '078', '064', '062', '061', '263', '065', '094', '070', '071', '272', '073', '074', '077', '076']","['18', '15', '14', '16', '17']"
84,39,Capocollo di Calabria,D.O.P.,Prodotti a base di carne,['Calabria'],"['Catanzaro', 'Cosenza', 'Crotone', 'Reggio di Calabria', 'Vibo Valentia']","['079', '078', '101', '280', '102']",['18']
85,134,Liquirizia di Calabria,D.O.P.,"Altri prodotti dell'allegato I del trattato (spezie, ecc.) e Prodotti di panetteria, pasticceria, confetteria o biscotteria",['Calabria'],"['Catanzaro', 'Cosenza', 'Crotone', 'Reggio di Calabria', 'Vibo Valentia']","['079', '078', '101', '280', '102']",['18']
86,187,Pancetta di Calabria,D.O.P.,Prodotti a base di carne,['Calabria'],"['Catanzaro', 'Cosenza', 'Crotone', 'Reggio di Calabria', 'Vibo Valentia']","['079', '078', '101', '280', '102']",['18']
87,276,Salsiccia di Calabria,D.O.P.,Prodotti a base di carne,['Calabria'],"['Catanzaro', 'Cosenza', 'Crotone', 'Reggio di Calabria', 'Vibo Valentia']","['079', '078', '101', '280', '102']",['18']
88,285,Soppressata di Calabria,D.O.P.,Prodotti a base di carne,['Calabria'],"['Catanzaro', 'Cosenza', 'Crotone', 'Reggio di Calabria', 'Vibo Valentia']","['079', '078', '101', '280', '102']",['18']
89,176,Olio di Calabria,I.G.P.,Oli e grassi,['Calabria'],"['Catanzaro', 'Cosenza', 'Crotone', 'Vibo Valentia', 'Reggio di Calabria']","['079', '078', '101', '102', '280']",['18']
90,72,Cipolla Rossa di Tropea Calabria,I.G.P.,Ortofrutticoli e cereali,['Calabria'],"['Catanzaro', 'Cosenza', 'Vibo Valentia']","['079', '078', '102']",['18']
91,81,Colline Teatine,D.O.P.,Oli e grassi,['Abruzzo'],['Chieti'],['069'],['13']
92,31,Bruzio,D.O.P.,Oli e grassi,['Calabria'],['Cosenza'],['078'],['18']
93,60,Cedro di Santa Maria del Cedro,D.O.P.,Ortofrutticoli e cereali,['Calabria'],['Cosenza'],['078'],['18']
94,101,Fichi di Cosenza,D.O.P.,Ortofrutticoli e cereali,['Calabria'],['Cosenza'],['078'],['18']
95,129,Limone di Rocca Imperiale,I.G.P.,Ortofrutticoli e cereali,['Calabria'],['Cosenza'],['078'],['18']
96,197,Patata della Sila,I.G.P.,Ortofrutticoli e cereali,['Calabria'],"['Cosenza', 'Catanzaro']","['078', '079']",['18']
97,245,Provolone Valpadana,D.O.P.,Formaggi,"['Trentino-Alto Adige', 'Lombardia', 'Veneto', 'Emilia-Romagna']","['Cremona', 'Brescia', 'Verona', 'Vicenza', 'Rovigo', 'Padova', 'Piacenza', 'Bergamo', 'Mantova', 'Milano', 'Trento']","['019', '017', '023', '024', '029', '028', '033', '016', '020', '215', '022']","['04', '03', '05', '08']"
98,9,Alto Crotonese,D.O.P.,Oli e grassi,['Calabria'],['Crotone'],['101'],['18']
99,106,Finocchio di Isola Capo Rizzuto,I.G.P.,Ortofrutticoli e cereali,['Calabria'],['Crotone'],['101'],['18']
100,202,Pecorino Crotonese,D.O.P.,Formaggi,['Calabria'],['Crotone'],['101'],['18']
101,53,Castagna Cuneo,I.G.P.,Ortofrutticoli e cereali,['Piemonte'],['Cuneo'],['004'],['01']
102,58,Castelmagno,D.O.P.,Formaggi,['Piemonte'],['Cuneo'],['004'],['01']
103,93,Fagiolo Cuneo,I.G.P.,Ortofrutticoli e cereali,['Piemonte'],['Cuneo'],['004'],['01']
104,169,Murazzano,D.O.P.,Formaggi,['Piemonte'],['Cuneo'],['004'],['01']
105,253,Raschera,D.O.P.,Formaggi,['Piemonte'],['Cuneo'],['004'],['01']
106,87,Crudo di Cuneo,D.O.P.,Prodotti a base di carne,['Piemonte'],"['Cuneo', 'Asti', 'Torino']","['004', '005', '201']",['01']
107,27,Bra,D.O.P.,Formaggi,['Piemonte'],"['Cuneo', 'Torino']","['004', '201']",['01']
108,150,Mela Rossa Cuneo,I.G.P.,Ortofrutticoli e cereali,['Piemonte'],"['Cuneo', 'Torino']","['004', '201']",['01']
109,56,Castagna di Roccamonfina,I.G.P.,Ortofrutticoli e cereali,['EMPTY'],['EMPTY'],[],[]
110,166,Mozzarella,S.T.G.,Formaggi,EMPTY,EMPTY,EMPTY,EMPTY
111,227,Pizza Napoletana,S.T.G.,"Prodotti di panetteria, pasticceria",EMPTY,EMPTY,EMPTY,EMPTY
112,280,Sebadas/Seadas/Sabadas/Seattas/Savadas/Sevadas di Sardeg,I.G.P.,"Prodotti di panetteria, pasticceria, confetteria o biscotteria e Pasta alimentare",['EMPTY'],['EMPTY'],[],[]
113,322,Vincisgrassi alla maceratese,S.T.G.,Piatti pronti,EMPTY,EMPTY,EMPTY,EMPTY
114,217,Pesca di Leonforte,I.G.P.,Ortofrutticoli e cereali,['Sicilia'],['Enna'],['086'],['19']
115,221,Piacentinu Ennese,D.O.P.,Formaggi,['Sicilia'],['Enna'],['086'],['19']
116,184,Pagnotta del Dittaino,D.O.P.,"Prodotti di panetteria, pasticceria",['Sicilia'],"['Enna', 'Catania']","['086', '287']",['19']
117,137,Maccheroncini di Campofilone,I.G.P.,Pasta alimentare,['Marche'],['Fermo'],['109'],['11']
118,6,Aglio di Voghiera,D.O.P.,Ortofrutticoli e cereali,['Emilia-Romagna'],['Ferrara'],['038'],['08']
119,40,Cappellacci di zucca ferraresi,I.G.P.,Pasta alimentare,['Emilia-Romagna'],['Ferrara'],['038'],['08']
120,84,Coppia Ferrarese,I.G.P.,"Prodotti di panetteria, pasticceria",['Emilia-Romagna'],['Ferrara'],['038'],['08']
121,185,Pampapato di Ferrara/Pampepato di Ferrara,I.G.P.,"Prodotti di panetteria, pasticceria",['Emilia-Romagna'],['Ferrara'],['038'],['08']
122,264,Salama da sugo,I.G.P.,Prodotti a base di carne,['Emilia-Romagna'],['Ferrara'],['038'],['08']
123,220,Pesca e Nettarina di Romagna,I.G.P.,Ortofrutticoli e cereali,['Emilia-Romagna'],"['Ferrara', 'Bologna', ""Forli'-Cesena"", 'Ravenna']","['038', '237', '040', '039']",['08']
124,139,Marrone del Mugello,I.G.P.,Ortofrutticoli e cereali,['Toscana'],['Firenze'],['248'],['09']
125,14,Arancia del Gargano,I.G.P.,Ortofrutticoli e cereali,['Puglia'],['Foggia'],['071'],['16']
126,90,Dauno,D.O.P.,Oli e grassi,['Puglia'],['Foggia'],['071'],['16']
127,120,La Bella della Daunia,D.O.P.,Ortofrutticoli e cereali,['Puglia'],['Foggia'],['071'],['16']
128,132,Limone Femminello del Gargano,I.G.P.,Ortofrutticoli e cereali,['Puglia'],['Foggia'],['071'],['16']
129,36,Canestrato Pugliese,D.O.P.,Formaggi,['Puglia'],"['Foggia', 'Bari']","['071', '272']",['16']
130,78,Colline di Romagna,D.O.P.,Oli e grassi,['Emilia-Romagna'],"[""Forli'-Cesena"", 'Rimini']","['040', '099']",['08']
131,111,Formaggio di Fossa di Sogliano,D.O.P.,Formaggi,"['Emilia-Romagna', 'Marche']","[""Forli'-Cesena"", 'Rimini', 'Ravenna', 'Bologna', 'Pesaro e Urbino', 'Ancona', 'Macerata', 'Ascoli Piceno']","['040', '099', '039', '237', '041', '042', '043', '044']","['08', '11']"
132,92,Fagiolo Cannellino di Atina,D.O.P.,Ortofrutticoli e cereali,['Lazio'],['Frosinone'],['060'],['12']
133,206,Pecorino di Picinisco,D.O.P.,Formaggi,['Lazio'],['Frosinone'],['060'],['12']
134,212,Peperone di Pontecorvo,D.O.P.,Ortofrutticoli e cereali,['Lazio'],['Frosinone'],['060'],['12']
135,207,Pecorino Romano,D.O.P.,Formaggi,"['Toscana', 'Lazio', 'Sardegna']","['Frosinone', 'Grosseto', 'Latina', 'Roma', 'Viterbo', 'Cagliari', 'Nuoro', 'Sassari']","['060', '053', '059', '258', '056', '292', '091', '090']","['09', '12', '20']"
136,108,Focaccia di Recco col formaggio,I.G.P.,"Prodotti di panetteria, pasticceria",['Liguria'],['Genova'],['210'],['07']
137,24,Basilico Genovese,D.O.P.,Ortofrutticoli e cereali,['Liguria'],"['Genova', 'Imperia', 'Savona']","['210', '008', '009']",['07']
138,1,Acciughe sotto sale del Mar Ligure,I.G.P.,"Pesci, molluschi, crostacei freschi",['Liguria'],"['Genova', 'Imperia', 'Savona', 'La Spezia']","['210', '008', '009', '011']",['07']
139,160,Montasio,D.O.P.,Formaggi,"['Friuli-Venezia Giulia', 'Veneto']","['Gorizia', 'Pordenone', 'Trieste', 'Udine', 'Belluno', 'Treviso', 'Padova', 'Venezia']","['031', '093', '032', '030', '025', '026', '028', '227']","['06', '05']"
140,30,Brovada,D.O.P.,Ortofrutticoli e cereali,['Friuli-Venezia Giulia'],"['Gorizia', 'Pordenone', 'Udine']","['031', '093', '030']",['06']
141,282,Seggiano,D.O.P.,Oli e grassi,['Toscana'],['Grosseto'],['053'],['09']
142,38,Cantuccini Toscani/Cantucci Toscani,I.G.P.,"Prodotti di panetteria, pasticceria",['Toscana'],"['Grosseto', 'Massa Carrara', 'Arezzo', 'Siena', 'Firenze', 'Pistoia', 'Pisa', 'Livorno', 'Lucca', 'prato']","['053', '045', '051', '052', '248', '047', '050', '049', '046']",['09']
143,192,Pane Toscano,D.O.P.,"Prodotti di panetteria, pasticceria",['Toscana'],"['Grosseto', 'Massa Carrara', 'Arezzo', 'Siena', 'Firenze', 'Pistoia', 'Pisa', 'Livorno', 'Lucca', 'prato']","['053', '045', '051', '052', '248', '047', '050', '049', '046']",['09']
144,304,Toscano,I.G.P.,Oli e grassi,['Toscana'],"['Grosseto', 'Massa Carrara', 'Arezzo', 'Siena', 'Firenze', 'Pistoia', 'Pisa', 'Livorno', 'Lucca', 'prato']","['053', '045', '051', '052', '248', '047', '050', '049', '046']",['09']
145,54,Castagna del Monte Amiata,I.G.P.,Ortofrutticoli e cereali,['Toscana'],"['Grosseto', 'Siena']","['053', '052']",['09']
146,260,Riviera Ligure,D.O.P.,Oli e grassi,['Liguria'],"['Imperia', 'Savona', 'Genova', 'La Spezia']","['008', '009', '210', '011']",['07']
147,48,Carota dell'Altopiano del Fucino,I.G.P.,Ortofrutticoli e cereali,['Abruzzo'],"[""L'Aquila""]",['066'],['13']
148,198,Patata del Fucino,I.G.P.,Ortofrutticoli e cereali,['Abruzzo'],"[""L'Aquila""]",['066'],['13']
149,326,Zafferano dell'Aquila,D.O.P.,Altri prodotti dell'allegato I del trattato,['Abruzzo'],"[""L'Aquila""]",['066'],['13']
150,273,Salamini italiani alla cacciatora,D.O.P.,Prodotti a base di carne,"['Abruzzo', 'Emilia-Romagna', 'Friuli-Venezia Giulia', 'Lazio', 'Lombardia', 'Marche', 'Piemonte', 'Toscana', 'Umbria', 'Molise', 'Veneto']","[""L'Aquila"", 'Chieti', 'Pescara', 'Teramo', 'Bologna', 'Ferrara', ""Forli'-Cesena"", 'Modena', 'Parma', 'Piacenza', 'Ravenna', ""Reggio nell'Emilia"", 'Gorizia', 'Pordenone', 'Trieste', 'Udine', 'Roma', 'Frosinone', 'Rieti', 'Latina', 'Viterbo', 'Bergamo', 'Brescia', 'Como', 'Cremona', 'Mantova', 'Milano', 'Pavia', 'Sondrio', 'Varese', 'Ancona', 'Ascoli Piceno', 'Macerata', 'Pesaro e Urbino', 'Alessandria', 'Asti', 'Cuneo', 'Novara', 'Torino', 'Vercelli', 'Arezzo', 'Siena', 'Firenze', 'Pisa', 'Pistoia', 'Grosseto', 'Livorno', 'Lucca', 'Massa Carrara', 'Perugia', 'Terni', 'Campobasso', 'Isernia', 'Belluno', 'Padova', 'Rovigo', 'Treviso', 'Venezia', 'Verona', 'Vicenza']","['066', '069', '068', '067', '237', '038', '040', '036', '034', '033', '039', '035', '031', '093', '032', '030', '258', '060', '057', '059', '056', '016', '017', '013', '019', '020', '215', '018', '014', '012', '042', '044', '043', '041', '006', '005', '004', '003', '201', '002', '051', '052', '248', '050', '047', '053', '049', '046', '045', '054', '055', '070', '094', '025', '028', '029', '026', '227', '023', '024']","['13', '08', '06', '12', '03', '11', '01', '09', '10', '14', '05']"
151,79,Colline Pontine,D.O.P.,Oli e grassi,['Lazio'],['Latina'],['059'],['12']
152,281,Sedano Bianco di Sperlonga,I.G.P.,Ortofrutticoli e cereali,['Lazio'],['Latina'],['059'],['12']
153,182,Oliva di Gaeta,D.O.P.,Ortofrutticoli e cereali,"['Lazio', 'Campania']","['Latina', 'Frosinone', 'Roma', 'Caserta']","['059', '060', '258', '061']","['12', '15']"
154,119,Kiwi Latina,I.G.P.,Ortofrutticoli e cereali,['Lazio'],"['Latina', 'Roma']","['059', '258']",['12']
155,200,Patata novella di Galatina,D.O.P.,Ortofrutticoli e cereali,['Puglia'],['Lecce'],['075'],['16']
156,98,Farina di Neccio della Garfagnana,D.O.P.,Ortofrutticoli e cereali,['Toscana'],['Lucca'],['046'],['09']
157,99,Farro della Garfagnana,I.G.P.,Ortofrutticoli e cereali,['Toscana'],['Lucca'],['046'],['09']
158,136,Lucca,D.O.P.,Oli e grassi,['Toscana'],"['Lucca', 'Massa Carrara']","['046', '045']",['09']
159,215,Pera mantovana,I.G.P.,Ortofrutticoli e cereali,['Lombardia'],['Mantova'],['020'],['03']
160,155,Melone Mantovano,I.G.P.,Ortofrutticoli e cereali,"['Lombardia', 'Emilia- Romagna']","['Mantova', 'Cremona', 'Modena', 'Bologna', 'Ferrara']","['020', '019', '036', '237', '038']",['03']
161,97,Farina di castagne della Lunigiana,D.O.P.,Ortofrutticoli e cereali,['Toscana'],['Massa Carrara'],['045'],['09']
162,123,Lardo di Colonnata,I.G.P.,Prodotti a base di carne,['Toscana'],['Massa Carrara'],['045'],['09']
163,156,Miele della Lunigiana,D.O.P.,Altri prodotti di origine animale,['Toscana'],['Massa Carrara'],['045'],['09']
164,191,Pane di Matera,I.G.P.,"Prodotti di panetteria, pasticceria",['Basilicata'],['Matera'],['077'],['17']
165,41,Cappero delle isole Eolie,D.O.P.,Ortofrutticoli e cereali,['Sicilia'],['Messina'],['283'],['19']
166,133,Limone Interdonato Messina,I.G.P.,Ortofrutticoli e cereali,['Sicilia'],['Messina'],['283'],['19']
167,272,Salame S. Angelo,I.G.P.,Prodotti a base di carne,['Sicilia'],['Messina'],['283'],['19']
168,312,Valdemone,D.O.P.,Oli e grassi,['Sicilia'],['Messina'],['283'],['19']
169,3,Aceto balsamico tradizionale di Modena,D.O.P.,Altri prodotti dell'allegato I del trattato,['Emilia-Romagna'],['Modena'],['036'],['08']
170,11,Amarene Brusche di Modena,I.G.P.,Ortofrutticoli e cereali,['Emilia-Romagna'],"['Modena', 'Bologna']","['036', '237']",['08']
171,68,Ciliegia di Vignola,I.G.P.,Ortofrutticoli e cereali,['Emilia-Romagna'],"['Modena', 'Bologna']","['036', '237']",['08']
172,236,Prosciutto di Modena,D.O.P.,Prodotti a base di carne,['Emilia-Romagna'],"['Modena', 'Bologna', ""Reggio nell'Emilia""]","['036', '237', '035']",['08']
173,85,Cotechino Modena,I.G.P.,Prodotti a base di carne,"['Emilia-Romagna', 'Lombardia', 'Veneto']","['Modena', 'Ferrara', 'Ravenna', 'Rimini', ""Forli'-Cesena"", 'Bologna', ""Reggio nell'Emilia"", 'Parma', 'Piacenza', 'Cremona', 'Lodi', 'Pavia', 'Milano', 'Varese', 'Como', 'Lecco', 'Bergamo', 'Brescia', 'Mantova', 'Verona', 'Rovigo']","['036', '038', '039', '099', '040', '237', '035', '034', '033', '019', '098', '018', '215', '012', '013', '097', '016', '017', '020', '023', '029']","['08', '03', '05']"
174,329,Zampone Modena,I.G.P.,Prodotti a base di carne,"['Emilia-Romagna', 'Lombardia', 'Veneto']","['Modena', 'Ferrara', 'Ravenna', 'Rimini', ""Forli'-Cesena"", 'Bologna', ""Reggio nell'Emilia"", 'Parma', 'Piacenza', 'Cremona', 'Lodi', 'Pavia', 'Milano', 'Varese', 'Como', 'Lecco', 'Bergamo', 'Brescia', 'Mantova', 'Verona', 'Rovigo']","['036', '038', '039', '099', '040', '237', '035', '034', '033', '019', '098', '018', '215', '012', '013', '097', '016', '017', '020', '023', '029']","['08', '03', '05']"
175,2,Aceto Balsamico di Modena,I.G.P.,Altri prodotti dell'allegato I del trattato,['Emilia-Romagna'],"['Modena', ""Reggio nell'Emilia""]","['036', '035']",['08']
176,131,Limone di Sorrento,I.G.P.,Ortofrutticoli e cereali,['Campania'],['Napoli'],['263'],['15']
177,195,Pasta di Gragnano,I.G.P.,Pasta alimentare,['Campania'],['Napoli'],['263'],['15']
178,211,Penisola Sorrentina,D.O.P.,Oli e grassi,['Campania'],['Napoli'],['263'],['15']
179,229,Pomodorino del Piennolo del Vesuvio,D.O.P.,Ortofrutticoli e cereali,['Campania'],['Napoli'],['263'],['15']
180,244,Provolone del Monaco,D.O.P.,Formaggi,['Campania'],['Napoli'],['263'],['15']
181,10,Amatriciana Tradizionale,S.T.G.,Piatti pronti,EMPTY,EMPTY,EMPTY,EMPTY
182,302,Toma Piemontese,D.O.P.,Formaggi,['Piemonte'],"['Novara', 'Vercelli', 'Biella', 'Torino', 'Cuneo', 'Alessandria', 'Asti']","['003', '002', '096', '201', '004', '006', '005']",['01']
183,89,Culurgionis d'Ogliastra,I.G.P.,Pasta alimentare,['Sardegna'],"['Nuoro', 'Cagliari']","['091', '292']",['20']
184,20,Asparago di Badoere,I.G.P.,Ortofrutticoli e cereali,['Veneto'],"['Padova', 'Treviso', 'Venezia']","['028', '026', '227']",['05']
185,311,Val di Mazara,D.O.P.,Oli e grassi,['Sicilia'],"['Palermo', 'Agrigento']","['282', '084']",['19']
186,88,Culatello di Zibello,D.O.P.,Prodotti a base di carne,['Emilia-Romagna'],['Parma'],['034'],['08']
187,238,Prosciutto di Parma,D.O.P.,Prodotti a base di carne,['Emilia-Romagna'],['Parma'],['034'],['08']
188,269,Salame Felino,I.G.P.,Prodotti a base di carne,['Emilia-Romagna'],['Parma'],['034'],['08']
189,113,Fungo di Borgotaro,I.G.P.,Ortofrutticoli e cereali,"['Emilia-Romagna', 'Toscana']","['Parma', 'Massa Carrara']","['034', '045']","['08', '09']"
190,82,Coppa di Parma,I.G.P.,Prodotti a base di carne,"['Emilia-Romagna', 'Lombardia']","['Parma', 'Modena', ""Reggio nell'Emilia"", 'Mantova', 'Pavia', 'Lodi', 'Milano', 'Cremona']","['034', '036', '035', '020', '018', '098', '215', '019']","['08', '03']"
191,194,Parmigiano Reggiano,D.O.P.,Formaggi,"['Emilia-Romagna', 'Lombardia']","['Parma', ""Reggio nell'Emilia"", 'Modena', 'Bologna', 'Mantova']","['034', '035', '036', '237', '020']","['08', '03']"
192,267,Salame di Varzi,D.O.P.,Prodotti a base di carne,['Lombardia'],['Pavia'],['018'],['03']
193,268,Salame d'oca di Mortara,I.G.P.,Prodotti a base di carne,['Lombardia'],['Pavia'],['018'],['03']
194,34,Caciottone di Norcia,I.G.P.,Formaggi,['Umbria'],['Perugia'],['054'],['10']
195,100,Farro di Monteleone di Spoleto,D.O.P.,Ortofrutticoli e cereali,['Umbria'],['Perugia'],['054'],['10']
196,237,Prosciutto di Norcia,I.G.P.,Prodotti a base di carne,['Umbria'],['Perugia'],['054'],['10']
197,125,Lenticchia di Castelluccio di Norcia,I.G.P.,Ortofrutticoli e cereali,"['Umbria', 'Marche']","['Perugia', 'Macerata']","['054', '043']","['10', '11']"
198,201,Patata Rossa di Colfiorito,I.G.P.,Ortofrutticoli e cereali,"['Umbria', 'Marche']","['Perugia', 'Macerata']","['054', '043']","['10', '11']"
199,307,Umbria,D.O.P.,Oli e grassi,['Umbria'],"['Perugia', 'Terni']","['054', '055']",['10']
200,50,Cartoceto,D.O.P.,Oli e grassi,['Marche'],['Pesaro e Urbino'],['041'],['11']
201,52,Casciotta d' Urbino,D.O.P.,Formaggi,['Marche'],['Pesaro e Urbino'],['041'],['11']
202,235,Prosciutto di Carpegna,D.O.P.,Prodotti a base di carne,['Marche'],['Pesaro e Urbino'],['041'],['11']
203,13,Aprutino Pescarese,D.O.P.,Oli e grassi,['Abruzzo'],['Pescara'],['068'],['13']
204,7,Agnello del Centro Italia,I.G.P.,Carni fresche (e frattaglie),"['Abruzzo', 'Lazio', 'Marche', 'Toscana', 'Umbria', 'Emilia-Romagna']","['Pescara', 'Chieti', 'Teramo', ""L'Aquila"", 'Frosinone', 'Latina', 'Rieti', 'Roma', 'Viterbo', 'Ancona', 'Ascoli Piceno', 'Fermo', 'Macerata', 'Pesaro e Urbino', 'Arezzo', 'Firenze', 'Grosseto', 'Livorno', 'Lucca', 'Massa Carrara', 'Pisa', 'Pistoia', 'Prato', 'Siena', 'Perugia', 'Terni', 'Bologna', 'Rimini', ""Forli'-Cesena"", 'Ravenna', 'Modena', ""Reggio nell'Emilia"", 'Parma']","['068', '069', '067', '066', '060', '059', '057', '258', '056', '042', '044', '109', '043', '041', '051', '248', '053', '049', '046', '045', '050', '047', '100', '052', '054', '055', '237', '099', '040', '039', '036', '035', '034']","['13', '12', '11', '09', '10', '08']"
205,83,Coppa Piacentina,D.O.P.,Prodotti a base di carne,['Emilia-Romagna'],['Piacenza'],['033'],['08']
206,188,Pancetta Piacentina,D.O.P.,Prodotti a base di carne,['Emilia-Romagna'],['Piacenza'],['033'],['08']
207,270,Salame Piacentino,D.O.P.,Prodotti a base di carne,['Emilia-Romagna'],['Piacenza'],['033'],['08']
208,203,Pecorino delle Balze Volterrane,D.O.P.,Formaggi,['Toscana'],['Pisa'],['050'],['09']
209,96,Fagiolo di Sorana,I.G.P.,Ortofrutticoli e cereali,['Toscana'],['Pistoia'],['047'],['09']
210,226,Pitina,I.G.P.,Prodotti a base di carne,['Friuli-Venezia Giulia'],['Pordenone'],['093'],['06']
211,91,Fagioli Bianchi di Rotonda,D.O.P.,Ortofrutticoli e cereali,['Basilicata'],['Potenza'],['076'],['17']
212,95,Fagiolo di Sarconi,I.G.P.,Ortofrutticoli e cereali,['Basilicata'],['Potenza'],['076'],['17']
213,135,Lucanica di Picerno,I.G.P.,Prodotti a base di carne,['Basilicata'],['Potenza'],['076'],['17']
214,153,Melanzana Rossa di Rotonda,D.O.P.,Ortofrutticoli e cereali,['Basilicata'],['Potenza'],['076'],['17']
215,205,Pecorino di Filiano,D.O.P.,Formaggi,['Basilicata'],['Potenza'],['076'],['17']
216,325,Vulture,D.O.P.,Oli e grassi,['Basilicata'],['Potenza'],['076'],['17']
217,35,Canestrato di Moliterno,I.G.P.,Formaggi,['Basilicata'],"['Potenza', 'Matera']","['076', '077']",['17']
218,181,Olio Lucano,I.G.P.,Oli e grassi,['Basilicata'],"['Potenza', 'Matera']","['076', '077']",['17']
219,213,Peperoni di Senise,I.G.P.,Ortofrutticoli e cereali,['Basilicata'],"['Potenza', 'Matera']","['076', '077']",['17']
220,165,Mortadella di Prato,I.G.P.,Prodotti a base di carne,['Toscana'],"['Prato', 'Pistoia']","['100', '047']",['09']
221,70,Cioccolato di Modica,I.G.P.,Cioccolato e prodotti derivati,['Sicilia'],['Ragusa'],['088'],['19']
222,230,Pomodoro di Pachino,I.G.P.,Ortofrutticoli e cereali,['Sicilia'],"['Ragusa', 'Siracusa']","['088', '089']",['19']
223,252,Ragusano,D.O.P.,Formaggi,['Sicilia'],"['Ragusa', 'Siracusa']","['088', '089']",['19']
224,49,Carota Novella di Ispica,I.G.P.,Ortofrutticoli e cereali,['Sicilia'],"['Ragusa', 'Siracusa', 'Catania', 'Caltanissetta']","['088', '089', '287', '085']",['19']
225,29,Brisighella,D.O.P.,Oli e grassi,['Emilia-Romagna'],"['Ravenna', ""Forli'-Cesena""]","['039', '040']",['08']
226,279,Scalogno di Romagna,I.G.P.,Ortofrutticoli e cereali,['Emilia-Romagna'],"['Ravenna', ""Forli'-Cesena"", 'Bologna']","['039', '040', '237']",['08']
227,289,Squacquerone di Romagna,D.O.P.,Formaggi,['Emilia-Romagna'],"['Ravenna', ""Forli'-Cesena"", 'Rimini', 'Bologna', 'Ferrara']","['039', '040', '099', '237', '038']",['08']
228,25,Bergamotto di Reggio Calabria - Olio essenziale,D.O.P.,Olio essenziale,['Calabria'],['Reggio di Calabria'],['280'],['18']
229,303,Torrone di Bagnara,I.G.P.,"Prodotti di panetteria, pasticceria",['Calabria'],['Reggio di Calabria'],['280'],['18']
230,75,Clementine di Calabria,I.G.P.,Ortofrutticoli e cereali,['Calabria'],"['Reggio di Calabria', 'Catanzaro', 'Cosenza', 'Vibo Valentia', 'Crotone']","['280', '079', '078', '102', '101']",['18']
231,4,Aceto balsamico tradizionale di Reggio Emilia,D.O.P.,Altri prodotti dell'allegato I del trattato,['Emilia-Romagna'],"[""Reggio nell'Emilia""]",['035'],['08']
232,12,Anguria Reggiana,I.G.P.,Ortofrutticoli e cereali,['Emilia-Romagna'],"[""Reggio nell'Emilia""]",['035'],['08']
233,214,Pera dell'Emilia-Romagna,I.G.P.,Ortofrutticoli e cereali,['Emilia-Romagna'],"[""Reggio nell'Emilia"", 'Modena', 'Ferrara', 'Bologna', 'Ravenna']","['035', '036', '038', '237', '039']",['08']
234,234,Prosciutto Amatriciano,I.G.P.,Prodotti a base di carne,['Lazio'],['Rieti'],['057'],['12']
235,263,Sabina,D.O.P.,Oli e grassi,['Lazio'],"['Rieti', 'Roma']","['057', '258']",['12']
236,222,Piadina Romagnola/Piada Romagnola,I.G.P.,"Prodotti di panetteria, pasticceria",['Emilia-Romagna'],"['Rimini', ""Forli'-Cesena"", 'Ravenna', 'Bologna']","['099', '040', '039', '237']",['08']
237,189,Pane casareccio di Genzano,I.G.P.,"Prodotti di panetteria, pasticceria",['Lazio'],['Roma'],['258'],['12']
238,232,Porchetta di Ariccia,I.G.P.,Prodotti a base di carne,['Lazio'],['Roma'],['258'],['12']
239,0,Abbacchio Romano,I.G.P.,Carni fresche (e frattaglie),['Lazio'],"['Roma', 'Frosinone', 'Viterbo', 'Latina', 'Rieti']","['258', '060', '056', '059', '057']",['12']
240,256,Ricotta Romana,D.O.P.,Altri prodotti di origine animale,['Lazio'],"['Roma', 'Frosinone', 'Viterbo', 'Latina', 'Rieti']","['258', '060', '056', '059', '057']",['12']
241,5,Aglio Bianco Polesano,D.O.P.,Ortofrutticoli e cereali,['Veneto'],['Rovigo'],['029'],['05']
242,86,Cozza di Scardovari,D.O.P.,"Pesci, molluschi, crostacei freschi",['Veneto'],['Rovigo'],['029'],['05']
243,257,Riso del Delta del Po,I.G.P.,Ortofrutticoli e cereali,"['Veneto', 'Emilia-Romagna']","['Rovigo', 'Ferrara']","['029', '038']","['05', '08']"
244,117,Insalata di Lusia,I.G.P.,Ortofrutticoli e cereali,['Veneto'],"['Rovigo', 'Padova']","['029', '028']",['05']
245,44,Carciofo di Paestum,I.G.P.,Ortofrutticoli e cereali,['Campania'],['Salerno'],['065'],['15']
246,59,Cavolfiore della Piana del Sele,I.G.P.,Ortofrutticoli e cereali,['Campania'],['Salerno'],['065'],['15']
247,63,Cilento,D.O.P.,Oli e grassi,['Campania'],['Salerno'],['065'],['15']
248,76,Colatura di alici di Cetara,D.O.P.,"Pesci, molluschi, crostacei freschi",['Campania'],['Salerno'],['065'],['15']
249,80,Colline Salernitane,D.O.P.,Oli e grassi,['Campania'],['Salerno'],['065'],['15']
250,102,Fico Bianco del Cilento,D.O.P.,Ortofrutticoli e cereali,['Campania'],['Salerno'],['065'],['15']
251,127,Limone Costa d'Amalfi,I.G.P.,Ortofrutticoli e cereali,['Campania'],['Salerno'],['065'],['15']
252,144,Marrone di Roccadaspide,I.G.P.,Ortofrutticoli e cereali,['Campania'],['Salerno'],['065'],['15']
253,171,Nocciola di Giffoni,I.G.P.,Ortofrutticoli e cereali,['Campania'],['Salerno'],['065'],['15']
254,262,Rucola della Piana del Sele,I.G.P.,Ortofrutticoli e cereali,['Campania'],['Salerno'],['065'],['15']
255,231,"Pomodoro S. Marzano dell'Agro
Sarnese-Nocerino",D.O.P.,Ortofrutticoli e cereali,['Campania'],"['Salerno', 'Avellino', 'Napoli']","['065', '064', '263']",['15']
256,73,Cipollotto Nocerino,D.O.P.,Ortofrutticoli e cereali,['Campania'],"['Salerno', 'Napoli']","['065', '263']",['15']
257,193,Panforte di Siena,I.G.P.,"Prodotti di panetteria, pasticceria",['Toscana'],['Siena'],['052'],['09']
258,254,Ricciarelli di Siena,I.G.P.,"Prodotti di panetteria, pasticceria",['Toscana'],['Siena'],['052'],['09']
259,299,Terre di Siena,D.O.P.,Oli e grassi,['Toscana'],['Siena'],['052'],['09']
260,327,Zafferano di San Gimignano,D.O.P.,Altri prodotti dell'allegato I del trattato,['Toscana'],['Siena'],['052'],['09']
261,61,Chianti Classico,D.O.P.,Oli e grassi,['Toscana'],"['Siena', 'Firenze']","['052', '248']",['09']
262,130,Limone di Siracusa,I.G.P.,Ortofrutticoli e cereali,['Sicilia'],['Siracusa'],['089'],['19']
263,163,Monti Iblei,D.O.P.,Oli e grassi,['Sicilia'],"['Siracusa', 'Ragusa', 'Catania']","['089', '088', '287']",['19']
264,28,Bresaola della Valtellina,I.G.P.,Prodotti a base di carne,['Lombardia'],['Sondrio'],['014'],['03']
265,149,Mela di Valtellina,I.G.P.,Ortofrutticoli e cereali,['Lombardia'],['Sondrio'],['014'],['03']
266,228,Pizzoccheri della Valtellina,I.G.P.,Pasta alimentare,['Lombardia'],['Sondrio'],['014'],['03']
267,318,Valtellina Casera,D.O.P.,Formaggi,['Lombardia'],['Sondrio'],['014'],['03']
268,26,Bitto,D.O.P.,Formaggi,['Lombardia'],"['Sondrio', 'Bergamo']","['014', '016']",['03']
269,328,Zafferano di Sardegna,D.O.P.,Altri prodotti dell'allegato I del trattato,['Sardegna'],['Sud Sardegna'],['111'],['20']
270,74,Clementine del Golfo di Taranto,I.G.P.,Ortofrutticoli e cereali,['Puglia'],['Taranto'],['073'],['16']
271,300,Terre Tarentine,D.O.P.,Oli e grassi,['Puglia'],['Taranto'],['073'],['16']
272,296,Terra d' Otranto,D.O.P.,Oli e grassi,['Puglia'],"['Taranto', 'Brindisi', 'Lecce']","['073', '074', '075']",['16']
273,233,Pretuziano delle Colline Teramane,D.O.P.,Oli e grassi,['Abruzzo'],['Teramo'],['067'],['13']
274,186,Pampepato di Terni / Panpepato di Terni,I.G.P.,"Prodotti di panetteria, pasticceria",['Umbria'],['Terni'],['055'],['10']
275,140,Marrone della Valle di Susa,I.G.P.,Ortofrutticoli e cereali,['Piemonte'],['Torino'],['201'],['01']
276,301,Tinca Gobba Dorata del Pianalto di Poirino,D.O.P.,"Pesci, molluschi, crostacei freschi",['Piemonte'],"['Torino', 'Asti', 'Cuneo']","['201', '005', '004']",['01']
277,42,Cappero di Pantelleria,I.G.P.,Ortofrutticoli e cereali,['Sicilia'],['Trapani'],['081'],['19']
278,173,Nocellara del Belice,D.O.P.,Ortofrutticoli e cereali,['Sicilia'],['Trapani'],['081'],['19']
279,274,Sale Marino di Trapani,I.G.P.,Sale,['Sicilia'],['Trapani'],['081'],['19']
280,316,Valle del Belice,D.O.P.,Oli e grassi,['Sicilia'],['Trapani'],['081'],['19']
281,317,Valli Trapanesi,D.O.P.,Oli e grassi,['Sicilia'],['Trapani'],['081'],['19']
282,47,Carne Salada del Trentino,I.G.P.,Prodotti a base di carne,['Trentino Alto Adige'],['Trento'],['022'],[]
283,151,Mela Val di Non,D.O.P.,Ortofrutticoli e cereali,['Trentino-Alto Adige'],['Trento'],['022'],['04']
284,154,Mele del Trentino,I.G.P.,Ortofrutticoli e cereali,['Trentino-Alto Adige'],['Trento'],['022'],['04']
285,288,Spressa delle Giudicarie,D.O.P.,Formaggi,['Trentino-Alto Adige'],['Trento'],['022'],['04']
286,293,Susina di Dro,D.O.P.,Ortofrutticoli e cereali,['Trentino-Alto Adige'],['Trento'],['022'],['04']
287,246,Puzzone di Moena/Spretz Tzaorì,D.O.P.,Formaggi,['Trentino-Alto Adige'],"['Trento', 'Bolzano']","['022', '021']",['04']
288,275,Salmerino del Trentino,I.G.P.,"Pesci, molluschi, crostacei freschi","['Trentino-Alto Adige ', 'Lombardia']","['Trento', 'Brescia']","['022', '017']",['03']
289,305,Trote del Trentino,I.G.P.,"Pesci, molluschi, crostacei freschi","['Trentino-Alto Adige', 'Lombardia']","['Trento', 'Brescia']","['022', '017']","['04', '03']"
290,17,Asiago,D.O.P.,Formaggi,"['Trentino-Alto Adige', 'Veneto']","['Trento', 'Vicenza', 'Padova', 'Treviso']","['022', '024', '028', '026']","['04', '05']"
291,19,Asparago Bianco di Cimadolmo,I.G.P.,Ortofrutticoli e cereali,['Veneto'],['Treviso'],['026'],['05']
292,51,Casatella Trevigiana,D.O.P.,Formaggi,['Veneto'],['Treviso'],['026'],['05']
293,143,Marrone di Combai,I.G.P.,Ortofrutticoli e cereali,['Veneto'],['Treviso'],['026'],['05']
294,147,Marroni del Monfenera,I.G.P.,Ortofrutticoli e cereali,['Veneto'],['Treviso'],['026'],['05']
295,250,Radicchio Rosso di Treviso,I.G.P.,Ortofrutticoli e cereali,['Veneto'],"['Treviso', 'Padova', 'Venezia']","['026', '028', '227']",['05']
296,251,Radicchio Variegato di Castelfranco,I.G.P.,Ortofrutticoli e cereali,['Veneto'],"['Treviso', 'Padova', 'Venezia']","['026', '028', '227']",['05']
297,295,Tergeste,D.O.P.,Oli e grassi,['Friuli-Venezia Giulia'],['Trieste'],['032'],['06']
298,239,Prosciutto di San Daniele,D.O.P.,Prodotti a base di carne,['Friuli-Venezia Giulia'],['Udine'],['030'],['06']
299,240,Prosciutto di Sauris,I.G.P.,Prodotti a base di carne,['Friuli-Venezia Giulia'],['Udine'],['030'],['06']
300,21,Asparago di Cantello,I.G.P.,Ortofrutticoli e cereali,['Lombardia'],['Varese'],['012'],['03']
301,110,Formaggella del Luinese,D.O.P.,Formaggi,['Lombardia'],['Varese'],['012'],['03']
302,158,Miele Varesino,D.O.P.,Altri prodotti di origine animale,['Lombardia'],['Varese'],['012'],['03']
303,248,Radicchio di Chioggia,I.G.P.,Ortofrutticoli e cereali,['Veneto'],"['Venezia', 'Padova', 'Rovigo']","['227', '028', '029']",['05']
304,183,Ossolano,D.O.P.,Formaggi,['Piemonte'],['Verbano-Cusio-Ossola'],['103'],['01']
305,145,Marrone di San Zeno,D.O.P.,Ortofrutticoli e cereali,['Veneto'],['Verona'],['023'],['05']
306,162,Monte Veronese,D.O.P.,Formaggi,['Veneto'],['Verona'],['023'],['05']
307,218,Pesca di Verona,I.G.P.,Ortofrutticoli e cereali,['Veneto'],['Verona'],['023'],['05']
308,259,Riso Nano Vialone Veronese,I.G.P.,Ortofrutticoli e cereali,['Veneto'],['Verona'],['023'],['05']
309,320,"Veneto Valpolicella, Veneto Euganei e Berici, Veneto del
Grappa",D.O.P.,Oli e grassi,['Veneto'],"['Verona', 'Padova', 'Vicenza', 'Treviso']","['023', '028', '024', '026']",['05']
310,249,Radicchio di Verona,I.G.P.,Ortofrutticoli e cereali,['Veneto'],"['Verona', 'Vicenza', 'Padova']","['023', '024', '028']",['05']
311,204,Pecorino del Monte Poro,D.O.P.,Formaggi,['Calabria'],['Vibo Valentia'],['102'],['18']
312,18,Asparago Bianco di Bassano,D.O.P.,Ortofrutticoli e cereali,['Veneto'],['Vicenza'],['024'],['05']
313,67,Ciliegia di Marostica,I.G.P.,Ortofrutticoli e cereali,['Veneto'],['Vicenza'],['024'],['05']
314,286,Soprèssa Vicentina,D.O.P.,Prodotti a base di carne,['Veneto'],['Vicenza'],['024'],['05']
315,242,Prosciutto Veneto Berico-Euganeo,D.O.P.,Prodotti a base di carne,['Veneto'],"['Vicenza', 'Verona', 'Padova']","['024', '023', '028']",['05']
316,23,Asparago verde di Canino,I.G.P.,Ortofrutticoli e cereali,['Lazio'],['Viterbo'],['056'],['12']
317,37,Canino,D.O.P.,Oli e grassi,['Lazio'],['Viterbo'],['056'],['12']
318,57,Castagna di Vallerano,D.O.P.,Ortofrutticoli e cereali,['Lazio'],['Viterbo'],['056'],['12']
319,126,Lenticchia di Onano,I.G.P.,Ortofrutticoli e cereali,['Lazio'],['Viterbo'],['056'],['12']
320,196,Patata dell'Alto Viterbese,I.G.P.,Ortofrutticoli e cereali,['Lazio'],['Viterbo'],['056'],['12']
321,306,Tuscia,D.O.P.,Oli e grassi,['Lazio'],['Viterbo'],['056'],['12']
322,172,Nocciola Romana,D.O.P.,Ortofrutticoli e cereali,['Lazio'],"['Viterbo', 'Roma']","['056', '258']",['12']
323,45,Carciofo Romanesco del Lazio,I.G.P.,Ortofrutticoli e cereali,['Lazio'],"['Viterbo', 'Roma', 'Latina']","['056', '258', '059']",['12']
324,64,Ciliegia di Bracigliano,I.G.P.,Ortofrutticoli e cereali,['Campania'],['EMPTY'],[],['15']
325,175,Olio Campania,I.G.P.,Oli e grassi,['Campania'],['EMPTY'],[],['15']
326,178,Olio di Roma,I.G.P.,Oli e grassi,['Lazio'],['EMPTY'],[],['12']
327,180,Olive Taggiasche Liguri,I.G.P.,Ortofrutticoli e cereali,['Liguria'],['EMPTY'],[],['07']
328,321,Vermut di Torino / Vermouth di Torino,I.G.P.,Vini aromatizzati,['Piemonte'],['EMPTY'],[],['01']
329,65,Ciliegia di Lari,I.G.P.,Ortofrutticoli e cereali,['Toscana'],['EMPTY'],[],['09']
